{"cameraMode":{"drawMode":0,"name":"Shaded","section":"Shading Mode"},"sceneLighting":false,"audioPlay":false,"sceneViewState":{"m_AlwaysRefresh":false,"showFog":true,"showSkybox":false,"showFlares":true,"showImageEffects":true,"showParticleSystems":true,"showVisualEffectGraphs":true,"m_FxEnabled":true},"in2DMode":false,"pivot":{"x":27.477577209472658,"y":-0.022124290466308595,"z":-0.8073968887329102},"rotation":{"x":-0.12150883674621582,"y":0.19413959980010987,"z":-0.02422894351184368,"w":-0.973235547542572},"size":12.024646759033204,"orthographic":false}