{"cameraMode":{"drawMode":0,"name":"Shaded","section":"Shading Mode"},"sceneLighting":false,"audioPlay":false,"sceneViewState":{"m_AlwaysRefresh":false,"showFog":true,"showSkybox":false,"showFlares":true,"showImageEffects":true,"showParticleSystems":true,"showVisualEffectGraphs":true,"m_FxEnabled":true},"in2DMode":false,"pivot":{"x":-0.16390855610370637,"y":1.0016140937805176,"z":0.10585500299930573},"rotation":{"x":-0.14399956166744233,"y":0.6830093264579773,"z":-0.1400228887796402,"w":-0.702414333820343},"size":1.2040257453918458,"orthographic":false}