{"cameraMode":{"drawMode":0,"name":"Shaded","section":"Shading Mode"},"sceneLighting":true,"audioPlay":false,"sceneViewState":{"m_AlwaysRefresh":false,"showFog":true,"showSkybox":false,"showFlares":true,"showImageEffects":true,"showParticleSystems":true,"showVisualEffectGraphs":true,"m_FxEnabled":true},"in2DMode":false,"pivot":{"x":-0.10982488840818405,"y":0.3471791446208954,"z":2.0670909881591799},"rotation":{"x":0.051172807812690738,"y":0.17384912073612214,"z":-0.008606773801147938,"w":0.9834834337234497},"size":1.080289363861084,"orthographic":false}