{"cameraMode":{"drawMode":0,"name":"Shaded","section":"Shading Mode"},"sceneLighting":false,"audioPlay":false,"sceneViewState":{"m_AlwaysRefresh":false,"showFog":true,"showSkybox":false,"showFlares":true,"showImageEffects":true,"showParticleSystems":true,"showVisualEffectGraphs":true,"m_FxEnabled":true},"in2DMode":false,"pivot":{"x":0.48865169286727908,"y":0.48433977365493777,"z":-0.017125606536865236},"rotation":{"x":0.19814112782478333,"y":-0.022730140015482904,"z":0.013238981366157532,"w":0.9798222780227661},"size":1.109826922416687,"orthographic":false}