{"cameraMode":{"drawMode":0,"name":"Shaded","section":"Shading Mode"},"sceneLighting":true,"audioPlay":false,"sceneViewState":{"m_AlwaysRefresh":false,"showFog":true,"showSkybox":false,"showFlares":true,"showImageEffects":true,"showParticleSystems":true,"showVisualEffectGraphs":true,"m_FxEnabled":true},"in2DMode":false,"pivot":{"x":-1.1942424774169922,"y":13.18600082397461,"z":64.78570556640625},"rotation":{"x":0.1263546347618103,"y":-0.14064045250415803,"z":0.026730453595519067,"w":0.9816023707389832},"size":46.048301696777347,"orthographic":false}