{"cameraMode":{"drawMode":0,"name":"Shaded","section":"Shading Mode"},"sceneLighting":false,"audioPlay":false,"sceneViewState":{"m_AlwaysRefresh":false,"showFog":true,"showSkybox":false,"showFlares":true,"showImageEffects":true,"showParticleSystems":true,"showVisualEffectGraphs":true,"m_FxEnabled":true},"in2DMode":false,"pivot":{"x":-0.0008632242679595947,"y":-0.09577827155590058,"z":0.11722525954246521},"rotation":{"x":-0.12150883674621582,"y":0.19413959980010987,"z":-0.02422894351184368,"w":-0.973235547542572},"size":0.33768415451049807,"orthographic":false}