{"cameraMode":{"drawMode":0,"name":"Shaded","section":"Shading Mode"},"sceneLighting":false,"audioPlay":false,"sceneViewState":{"m_AlwaysRefresh":false,"showFog":true,"showSkybox":true,"showFlares":true,"showImageEffects":true,"showParticleSystems":true,"showVisualEffectGraphs":true,"m_FxEnabled":true},"in2DMode":false,"pivot":{"x":68.88155364990235,"y":1.643064022064209,"z":113.39313507080078},"rotation":{"x":0.23228095471858979,"y":0.6821091771125794,"z":-0.23034176230430604,"w":0.6691758036613464},"size":16.191556930541993,"orthographic":false}