{"cameraMode":{"drawMode":0,"name":"Shaded","section":"Shading Mode"},"sceneLighting":true,"audioPlay":false,"sceneViewState":{"m_AlwaysRefresh":false,"showFog":true,"showSkybox":true,"showFlares":true,"showImageEffects":true,"showParticleSystems":true,"showVisualEffectGraphs":true,"m_FxEnabled":true},"in2DMode":false,"pivot":{"x":-1.3579730987548829,"y":2.7225496768951418,"z":-9.402778625488282},"rotation":{"x":0.35103923082351687,"y":-0.12558898329734803,"z":0.04757938161492348,"w":0.926713764667511},"size":1.6129404306411744,"orthographic":false}