{"cameraMode":{"drawMode":0,"name":"Shaded","section":"Shading Mode"},"sceneLighting":true,"audioPlay":false,"sceneViewState":{"m_AlwaysRefresh":false,"showFog":true,"showSkybox":true,"showFlares":true,"showImageEffects":true,"showParticleSystems":true,"showVisualEffectGraphs":true,"m_FxEnabled":true},"in2DMode":false,"pivot":{"x":0.28496062755584719,"y":27.653060913085939,"z":0.4127998352050781},"rotation":{"x":0.2669272720813751,"y":0.0928068459033966,"z":-0.024124518036842347,"w":0.960256814956665},"size":5.408327102661133,"orthographic":false}