{"cameraMode":{"drawMode":0,"name":"Shaded","section":"Shading Mode"},"sceneLighting":true,"audioPlay":false,"sceneViewState":{"m_AlwaysRefresh":false,"showFog":true,"showSkybox":true,"showFlares":true,"showImageEffects":true,"showParticleSystems":true,"showVisualEffectGraphs":true,"m_FxEnabled":true},"in2DMode":false,"pivot":{"x":-0.5504453778266907,"y":99.36083221435547,"z":8.808655738830567},"rotation":{"x":0.5655680298805237,"y":0.021362949162721635,"z":-0.012492126785218716,"w":0.8249954581260681},"size":1.8654510974884034,"orthographic":false}