{"cameraMode":{"drawMode":0,"name":"Shaded","section":"Shading Mode"},"sceneLighting":true,"audioPlay":false,"sceneViewState":{"m_AlwaysRefresh":false,"showFog":true,"showSkybox":true,"showFlares":true,"showImageEffects":true,"showParticleSystems":true,"showVisualEffectGraphs":true,"m_FxEnabled":true},"in2DMode":false,"pivot":{"x":6.559999942779541,"y":6.599999904632568,"z":1.5999999046325684},"rotation":{"x":-0.01380229089409113,"y":0.31979578733444216,"z":0.0050400928594172,"w":0.9474279880523682},"size":0.8660253882408142,"orthographic":false}