{"cameraMode":{"drawMode":0,"name":"Shaded","section":"Shading Mode"},"sceneLighting":true,"audioPlay":false,"sceneViewState":{"m_AlwaysRefresh":false,"showFog":true,"showSkybox":true,"showFlares":true,"showImageEffects":true,"showParticleSystems":true,"showVisualEffectGraphs":true,"m_FxEnabled":true},"in2DMode":false,"pivot":{"x":-65.37364959716797,"y":15.378157615661621,"z":-13.262825012207032},"rotation":{"x":-0.20975200831890107,"y":0.7958613038063049,"z":-0.33943191170692446,"w":-0.4591931700706482},"size":15.291348457336426,"orthographic":false}