{"cameraMode":{"drawMode":0,"name":"Shaded","section":"Shading Mode"},"sceneLighting":false,"audioPlay":false,"sceneViewState":{"m_AlwaysRefresh":false,"showFog":true,"showSkybox":true,"showFlares":true,"showImageEffects":true,"showParticleSystems":true,"showVisualEffectGraphs":true,"m_FxEnabled":true},"in2DMode":false,"pivot":{"x":-3.304699420928955,"y":1.2296829223632813,"z":1.2936471700668336},"rotation":{"x":-0.0032079629600048067,"y":0.8227273225784302,"z":0.01156389620155096,"w":0.5857470035552979},"size":0.8660253882408142,"orthographic":false}