{"cameraMode":{"drawMode":0,"name":"Shaded","section":"Shading Mode"},"sceneLighting":false,"audioPlay":false,"sceneViewState":{"m_AlwaysRefresh":false,"showFog":true,"showSkybox":true,"showFlares":true,"showImageEffects":true,"showParticleSystems":true,"showVisualEffectGraphs":true,"m_FxEnabled":true},"in2DMode":false,"pivot":{"x":-13.068824768066407,"y":-4.678127288818359,"z":22.718223571777345},"rotation":{"x":-0.11226514726877213,"y":0.26388585567474368,"z":-0.030955150723457338,"w":-0.9576197266578674},"size":14.595269203186036,"orthographic":false}