{"cameraMode":{"drawMode":0,"name":"Shaded","section":"Shading Mode"},"sceneLighting":true,"audioPlay":false,"sceneViewState":{"m_AlwaysRefresh":false,"showFog":true,"showSkybox":false,"showFlares":true,"showImageEffects":true,"showParticleSystems":true,"showVisualEffectGraphs":true,"m_FxEnabled":true},"in2DMode":false,"pivot":{"x":0.616422712802887,"y":2.0898866653442385,"z":6.81911563873291},"rotation":{"x":-0.0014571240171790124,"y":-0.9673659801483154,"z":0.2558751702308655,"w":-0.003850379027426243},"size":0.8660253882408142,"orthographic":false}