{"cameraMode":{"drawMode":0,"name":"Shaded","section":"Shading Mode"},"sceneLighting":false,"audioPlay":false,"sceneViewState":{"m_AlwaysRefresh":false,"showFog":true,"showSkybox":false,"showFlares":true,"showImageEffects":true,"showParticleSystems":true,"showVisualEffectGraphs":true,"m_FxEnabled":true},"in2DMode":false,"pivot":{"x":-29.685325622558595,"y":46.02250289916992,"z":-8.159788131713868},"rotation":{"x":0.3480544984340668,"y":0.006198111455887556,"z":-0.0022975781466811897,"w":0.9374600052833557},"size":5.381915092468262,"orthographic":false}